{"Prism Solar Bi60": {"x": 0.984, "y": 1.695, "scenex": 1.084, "sceney": 1.695, "scenez": 0.15, "numpanels": 1, "bifi": 0.9, "text": "! genbox black Prism_Solar_Bi60 0.984 1.695 0.02 | xform -t -0.492 -0.8475 0.15 -a 1 -t 0 1.695 0", "modulefile": "objects\\Prism_Solar_Bi60.rad", "moduleoffset": 0.15, "xgap": 0.1, "ygap": 0.0, "zgap": 0.1, "cellModule": null, "torquetube": {"bool": false, "diameter": 0.1, "tubetype": "round", "material": "Metal_Grey"}}, "2upTracker": {"x": 0.984, "y": 1.7, "scenex": 1.004, "sceney": 3.45, "scenez": 0.1, "numpanels": 2, "bifi": 1.0, "text": "! genbox black 2upTracker 0.984 1.7 0.02 | xform -t -0.492 -1.7249999999999999 0.1 -a 2 -t 0 1.75 0\r\n! genrev Metal_Grey tube1 t*1.004 0.05 32 | xform -ry 90 -t -0.502 0 0", "modulefile": "objects\\2upTracker.rad", "moduleoffset": 0.1, "xgap": 0.02, "ygap": 0.05, "zgap": 0.05, "cellModule": null, "torquetube": {"bool": true, "diameter": 0.1, "tubetype": "round", "material": "Metal_Grey"}}, "test": {"x": 1.59, "y": 0.95, "scenex": 1.59, "sceney": 0.95, "scenez": 0.15, "numpanels": 1, "bifi": 1, "text": "! genbox black test 1.59 0.95 0.02 | xform -t -0.795 -0.475 0 -a 1 -t 0 0.95 0", "modulefile": "objects\\test.rad", "offsetfromaxis": 0, "xgap": 0, "ygap": 0.0, "zgap": 0.1, "cellModule": null, "torquetube": {"bool": false, "diameter": 0.1, "tubetype": "Round", "material": "Metal_Grey"}}, "Prism Solar Bi60 landscape": {"x": 1.695, "y": 0.984, "scenex": 1.705, "sceney": 0.984, "scenez": 0.15, "numpanels": 1, "bifi": 1, "text": "! genbox black Prism_Solar_Bi60_landscape 1.695 0.984 0.02 | xform -t -0.8475 -0.492 0 -a 1 -t 0 0.984 0", "modulefile": "objects\\Prism_Solar_Bi60_landscape.rad", "offsetfromaxis": 0, "xgap": 0.01, "ygap": 0.0, "zgap": 0.1, "cellModule": null, "torquetube": {"bool": false, "diameter": 0.1, "tubetype": "Round", "material": "Metal_Grey"}}, "cellModule": {"x": 1.91, "y": 0.95, "scenex": 1.92, "sceney": 0.95, "scenez": 0.0, "numpanels": 1, "bifi": 0.9, "text": "! genbox black cellPVmodule 0.15 0.15 0.02 | xform -t -0.88 -0.475 0.0 -a 12 -t 0.16 0 0 -a 6 -t 0 0.16 0 -a 1 -t 0 0.95 0", "modulefile": "objects\\cellModule.rad", "moduleoffset": 0.0, "xgap": 0.01, "ygap": 0.0, "zgap": 0.0, "cellModule": {"numcellsx": 12, "numcellsy": 6, "xcell": 0.15, "ycell": 0.15, "xcellgap": 0.01, "ycellgap": 0.01}, "torquetube": {"bool": false, "diameter": 0.0, "tubetype": "round", "material": "Metal_Grey"}}, "Custom Tracker Module": {"x": 0.984, "y": 1.7, "scenex": 1.004, "sceney": 3.5, "scenez": 0.1, "numpanels": 2, "bifi": 1, "text": "! genbox black Custom_Tracker_Module 0.984 1.7 0.02 | xform -t -0.492 -1.75 0.1 -a 2 -t 0 1.8 0\r\n! genrev Metal_Grey tube1 t*1.004 0.05 32 | xform -ry 90 -t -0.502 0 0", "modulefile": "objects\\Custom_Tracker_Module.rad", "offsetfromaxis": 0.1, "xgap": 0.02, "ygap": 0.1, "zgap": 0.05, "cellModule": null, "torquetube": {"bool": true, "diameter": 0.1, "tubetype": "round", "material": "Metal_Grey"}}}